{
  "timestamp": "2025-12-29T01:14:50.891469",
  "configuration": {
    "alpha": 0.2,
    "gamma": 0.95,
    "episodes_planned": 100,
    "episodes_actual": 100,
    "max_samples": 20000
  },
  "performance": {
    "detection_rate": 0.8767893660531697,
    "precision": 0.7319675629534784,
    "f1_score": 0.797859967434287,
    "accuracy": 0.7826956739184796,
    "fpr": 0.3073910915320607
  },
  "quality": "GOOD \u2713\u2713",
  "category": "Production-Ready"
}