{
  "timestamp": "2025-12-29T09:52:55.031079",
  "configuration": {
    "alpha": 0.2,
    "gamma": 0.95,
    "episodes_planned": 100,
    "episodes_actual": 100,
    "max_samples": 20000
  },
  "performance": {
    "detection_rate": 0.8087934560327198,
    "precision": 0.8343881856540084,
    "f1_score": 0.8213914849428868,
    "accuracy": 0.8279569892473119,
    "fpr": 0.15369554576603034
  },
  "quality": "EXCELLENT \u2713\u2713\u2713",
  "category": "Research-Quality"
}