{
  "timestamp": "2025-12-29T10:15:00.116849",
  "configuration": {
    "alpha": 0.2,
    "gamma": 0.95,
    "episodes_planned": 100,
    "episodes_actual": 100,
    "max_samples": 20000
  },
  "performance": {
    "detection_rate": 0.8343558282208589,
    "precision": 0.706187797490264,
    "f1_score": 0.7649402390438246,
    "accuracy": 0.749187296824206,
    "fpr": 0.3323543808125306
  },
  "quality": "GOOD \u2713\u2713",
  "category": "Research-Quality"
}