{
  "timestamp": "2026-01-01T21:10:52.120074",
  "configuration": {
    "alpha": 0.2,
    "gamma": 0.95,
    "episodes_planned": 100,
    "episodes_actual": 100,
    "max_samples": 984
  },
  "performance": {
    "detection_rate": 0.8187372708757638,
    "precision": 0.8154158215010142,
    "f1_score": 0.8170731707317074,
    "accuracy": 0.8168870803662258,
    "fpr": 0.18495934959349594
  },
  "quality": "EXCELLENT \u2713\u2713\u2713",
  "category": "Research-Quality"
}